{
  "name": "angular-translate",
  "description": "A translation module for AngularJS",
  "version": "2.15.1",
  "main": "./angular-translate.js",
  "ignore": [],
  "author": "Pascal Precht",
  "license": "MIT",
  "dependencies": {
    "angular": ">=1.2.26 <1.7"
  },
  "homepage": "https://github.com/PascalPrecht/bower-angular-translate",
  "_release": "2.15.1",
  "_resolution": {
    "type": "version",
    "tag": "2.15.1",
    "commit": "d16acc41aa59d77e049ad28e1d90248ec82e56b7"
  },
  "_source": "https://github.com/PascalPrecht/bower-angular-translate.git",
  "_target": "^2.15.1",
  "_originalSource": "angular-translate",
  "_direct": true
}